Workbook

Sheet Patient Records
A1: Patient ID | B1: Name | C1: Age | D1: Gender | E1: Admission Date | F1: Discharge Date | G1: Diagnosis | H1: Ward | I1: Insurance | J1: Length of Stay
A2: 1001 | B2: Alice Smith | C2: 35 | D2: Female | E2: 45225 | F2: 45232 | G2: Influenza | H2: Medical A | I2: Yes | J2: =DATEDIF(E2, F2, "D") -> 7
A3: 1002 | B3: Bob Johnson | C3: 62 | D3: Male | E3: 45226 | F3: 45235 | G3: Hypertension | H3: Cardiac | I3: Yes | J3: =DATEDIF(E3, F3, "D") -> 9
A4: 1003 | B4: Carol Williams | C4: 28 | D4: Female | E4: 45227 | F4: 45231 | G4: Gastroenetis | H4: Medical B | I4: No | J4: =DATEDIF(E4, F4, "D") -> 4
A5: 1004 | B5: David Brown | C5: 45 | D5: Male | E5: 45228 | F5: 45238 | G5: Pneumonia | H5: Respiratory | I5: Yes | J5: =DATEDIF(E5, F5, "D") -> 10
A6: 1005 | B6: Eve Davis | C6: 70 | D6: Female | E6: 45229 | F6: 45237 | G6: Hypertension | H6: Cardiac | I6: Yes | J6: =DATEDIF(E6, F6, "D") -> 8
A7: 1006 | B7: Frank Wilson | C7: 30 | D7: Male | E7: 45230 | F7: 45233 | G7: Influenza | H7: Medical A | I7: No | J7: =DATEDIF(E7, F7, "D") -> 3
A8: 1007 | B8: Grace Taylor | C8: 55 | D8: Female | E8: 45231 | F8: 45240 | G8: Diabetes | H8: Medical B | I8: Yes | J8: =DATEDIF(E8, F8, "D") -> 9
A9: 1008 | B9: Henry Moore | C9: 40 | D9: Male | E9: 45232 | F9: 45236 | G9: Gastroenteritis | H9: Medical A | I9: Yes | J9: =DATEDIF(E9, F9, "D") -> 4
A10: 1009 | B10: Ivy Jackson | C10: 68 | D10: Female | E10: 45233 | F10: 45242 | G10: Pneumonia | H10: Respiratory | I10: No | J10: =DATEDIF(E10, F10, "D") -> 9
A11: 1010 | B11: Jack Martin | C11: 25 | D11: Male | E11: 45234 | F11: 45239 | G11: Influenza | H11: Medical B | I11: Yes | J11: =DATEDIF(E11, F11, "D") -> 5
A12: 1011 | B12: Katie White | C12: 48 | D12: Female | E12: 45235 | F12: 45241 | G12: Hypertension | H12: Cardiac | I12: Yes | J12: =DATEDIF(E12, F12, "D") -> 6
A13: 1012 | B13: Larry Harris | C13: 32 | D13: Male | E13: 45236 | F13: 45238 | G13: Gastroenteritis | H13: Medical A | I13: No | J13: =DATEDIF(E13, F13, "D") -> 2
... A21: 1020 | B21: Tom Scott | C21: 33 | D21: Male | E21: 45244 | F21: 45248 | G21: Influenza | H21: Medical B | I21: Yes | J21: =DATEDIF(E21, F21, "D") -> 4
A25: Diagnosis | B25: Average Lenth of Stays
A26: Diabetes
A27: Gastroenteritis
A28: Hypertension
A29: Influenza
A30: Pneumonia

Sheet Data Analysis
A1: Gender | B1: Count
A2: Male | B2: =COUNTIF('Patient Records'!A2:J21,'Patient Records'!D2) -> 10
A3: Female | B3: =COUNTIF('Patient Records'!A2:J21,'Patient Records'!D3) -> 10
A6: Ward | B6: Patient
A7: Cardiac | B7: =COUNTIFS('Patient Records'!$H$2:$H$21, "Cardiac", 'Patient Records'!$I$2:$I$21, "Yes") -> 4
A10: Average Age of Patients | B10: Column 1
A11: Average Age | B11: =AVERAGE('Patient Records'!C2:C21) -> 46.5
A13: Length of Stays | B13: Column 1
A14: Longest | B14: =MAX('Patient Records'!$J$2:$J$21) -> 10
A15: Shortest | B15: =MIN('Patient Records'!$J$2:$J$21) -> 1

Sheet Summary Table
A1: Diagnosis | B1: Patient Count
A2: Influenza | B2: =COUNTIF('Patient Records'!A2:J21,'Patient Records'!G2) -> 5
A3: Hypertension | B3: =COUNTIF('Patient Records'!A3:J22,'Patient Records'!G3) -> 4
A4: Gastroenterisis | B4: =COUNTIF('Patient Records'!A4:J23,'Patient Records'!G4) -> 1
A5: Pneumonia | B5: =COUNTIF('Patient Records'!A5:J24,'Patient Records'!G5) -> 4
A6: Diabetes | B6: =COUNTIF('Patient Records'!A6:J25,'Patient Records'!G6) -> 3

Sheet Data Visualization
A2: Gender | B2: Patient Count
A3: Male | B3: =COUNTIF('Patient Records'!D2:D22, "Male") -> 10
A4: Female | B4: =COUNTIF('Patient Records'!D2:D22, "Female") -> 10
A15: Admission Date | B15: Count
A16: =IFERROR(__xludf.DUMMYFUNCTION("UNIQUE('Patient Records'!E2:E21,E2)"),45225.0) -> 45225 | B16: =IFERROR(__xludf.DUMMYFUNCTION("UNIQUE(COUNTIF(Patient_Records[Admission Date],'Patient Records'!E2))"),1.0) -> 1
A17: =IFERROR(__xludf.DUMMYFUNCTION("""COMPUTED_VALUE"""),45226.0) -> 45226 | B17: =IFERROR(__xludf.DUMMYFUNCTION("unique(COUNTIF(Patient_Records[Admission Date],'Patient Records'!E3))"),1.0) -> 1
A18: =IFERROR(__xludf.DUMMYFUNCTION("""COMPUTED_VALUE"""),45227.0) -> 45227 | B18: =IFERROR(__xludf.DUMMYFUNCTION("unique(COUNTIF(Patient_Records[Admission Date],'Patient Records'!E4))"),1.0) -> 1
A19: =IFERROR(__xludf.DUMMYFUNCTION("""COMPUTED_VALUE"""),45228.0) -> 45228 | B19: =IFERROR(__xludf.DUMMYFUNCTION("unique(COUNTIF(Patient_Records[Admission Date],'Patient Records'!E5))"),1.0) -> 1
A20: =IFERROR(__xludf.DUMMYFUNCTION("""COMPUTED_VALUE"""),45229.0) -> 45229 | B20: =IFERROR(__xludf.DUMMYFUNCTION("unique(COUNTIF(Patient_Records[Admission Date],'Patient Records'!E6))"),1.0) -> 1
A21: =IFERROR(__xludf.DUMMYFUNCTION("""COMPUTED_VALUE"""),45230.0) -> 45230 | B21: =IFERROR(__xludf.DUMMYFUNCTION("unique(COUNTIF(Patient_Records[Admission Date],'Patient Records'!E7))"),1.0) -> 1
A22: =IFERROR(__xludf.DUMMYFUNCTION("""COMPUTED_VALUE"""),45231.0) -> 45231 | B22: =IFERROR(__xludf.DUMMYFUNCTION("unique(COUNTIF(Patient_Records[Admission Date],'Patient Records'!E8))"),1.0) -> 1
A23: =IFERROR(__xludf.DUMMYFUNCTION("""COMPUTED_VALUE"""),45232.0) -> 45232 | B23: =IFERROR(__xludf.DUMMYFUNCTION("unique(COUNTIF(Patient_Records[Admission Date],'Patient Records'!E9))"),1.0) -> 1
A24: =IFERROR(__xludf.DUMMYFUNCTION("""COMPUTED_VALUE"""),45233.0) -> 45233 | B24: =IFERROR(__xludf.DUMMYFUNCTION("unique(COUNTIF(Patient_Records[Admission Date],'Patient Records'!E10))"),1.0) -> 1
A25: =IFERROR(__xludf.DUMMYFUNCTION("""COMPUTED_VALUE"""),45234.0) -> 45234 | B25: =IFERROR(__xludf.DUMMYFUNCTION("unique(COUNTIF(Patient_Records[Admission Date],'Patient Records'!E11))"),1.0) -> 1
A26: =IFERROR(__xludf.DUMMYFUNCTION("""COMPUTED_VALUE"""),45235.0) -> 45235 | B26: =IFERROR(__xludf.DUMMYFUNCTION("unique(COUNTIF(Patient_Records[Admission Date],'Patient Records'!E12))"),1.0) -> 1
A27: =IFERROR(__xludf.DUMMYFUNCTION("""COMPUTED_VALUE"""),45236.0) -> 45236 | B27: =IFERROR(__xludf.DUMMYFUNCTION("unique(COUNTIF(Patient_Records[Admission Date],'Patient Records'!E13))"),1.0) -> 1
A28: =IFERROR(__xludf.DUMMYFUNCTION("""COMPUTED_VALUE"""),45237.0) -> 45237 | B28: =IFERROR(__xludf.DUMMYFUNCTION("unique(COUNTIF(Patient_Records[Admission Date],'Patient Records'!E14))"),1.0) -> 1
A29: =IFERROR(__xludf.DUMMYFUNCTION("""COMPUTED_VALUE"""),45238.0) -> 45238 | B29: =IFERROR(__xludf.DUMMYFUNCTION("unique(COUNTIF(Patient_Records[Admission Date],'Patient Records'!E15))"),1.0) -> 1
A30: =IFERROR(__xludf.DUMMYFUNCTION("""COMPUTED_VALUE"""),45239.0) -> 45239 | B30: =IFERROR(__xludf.DUMMYFUNCTION("unique(COUNTIF(Patient_Records[Admission Date],'Patient Records'!E16))"),1.0) -> 1
A31: =IFERROR(__xludf.DUMMYFUNCTION("""COMPUTED_VALUE"""),45240.0) -> 45240 | B31: =IFERROR(__xludf.DUMMYFUNCTION("unique(COUNTIF(Patient_Records[Admission Date],'Patient Records'!E17))"),1.0) -> 1
A32: =IFERROR(__xludf.DUMMYFUNCTION("""COMPUTED_VALUE"""),45241.0) -> 45241 | B32: =IFERROR(__xludf.DUMMYFUNCTION("unique(COUNTIF(Patient_Records[Admission Date],'Patient Records'!E18))"),1.0) -> 1
A33: =IFERROR(__xludf.DUMMYFUNCTION("""COMPUTED_VALUE"""),45242.0) -> 45242 | B33: =IFERROR(__xludf.DUMMYFUNCTION("unique(COUNTIF(Patient_Records[Admission Date],'Patient Records'!E19))"),1.0) -> 1
A34: =IFERROR(__xludf.DUMMYFUNCTION("""COMPUTED_VALUE"""),45243.0) -> 45243 | B34: =IFERROR(__xludf.DUMMYFUNCTION("unique(COUNTIF(Patient_Records[Admission Date],'Patient Records'!E20))"),1.0) -> 1
A35: =IFERROR(__xludf.DUMMYFUNCTION("""COMPUTED_VALUE"""),45244.0) -> 45244 | B35: =IFERROR(__xludf.DUMMYFUNCTION("unique(COUNTIF(Patient_Records[Admission Date],'Patient Records'!E21))"),1.0) -> 1
A38: Ward | B38: Average Age
A39: Medical | B39: =AVERAGEIF('Patient Records'!H2:H21, "Medical*", 'Patient Records'!C2:C21) -> 37.25
A40: Cardiac | B40: =AVERAGEIF('Patient Records'!H2:H21, "Cardiac", 'Patient Records'!C2:C21) -> 63.75
A41: Respiratory | B41: =AVERAGEIF('Patient Records'!H2:H21, "Respiratory", 'Patient Records'!C2:C21) -> 57

Sheet VLOOKUP
A1: Patient ID | B1: Name | C1: Age | D1: Gender | E1: Admission Date | F1: Discharge Date | G1: Diagnosis | H1: Ward | I1: Insurance | J1: Length of Stay | K1: Ward Code | L1: Full Name Ward | M1: Column 1
A2: 1001 | B2: Alice Smith | C2: 35 | D2: Female | E2: 45225 | F2: 45232 | G2: Influenza | H2: Medical A | I2: Yes | J2: =DATEDIF(E2, F2, "D") -> 7 | K2: Medical A | L2: Madical Ward A | M2: =IFERROR(VLOOKUP(H2, $K$2:$L$5, 2, FALSE), "Ward not found") -> Madical Ward A
A3: 1002 | B3: Bob Johnson | C3: 62 | D3: Male | E3: 45226 | F3: 45235 | G3: Hypertension | H3: Cardiac | I3: Yes | J3: =DATEDIF(E3, F3, "D") -> 9 | K3: Medical B | L3: Madical Ward B
A4: 1003 | B4: Carol Williams | C4: 28 | D4: Female | E4: 45227 | F4: 45231 | G4: Gastroenetis | H4: Medical B | I4: No | J4: =DATEDIF(E4, F4, "D") -> 4 | K4: Cardiac | L4: Cardiac Care Unit
A5: 1004 | B5: David Brown | C5: 45 | D5: Male | E5: 45228 | F5: 45238 | G5: Pneumonia | H5: Respiratory | I5: Yes | J5: =DATEDIF(E5, F5, "D") -> 10 | K5: Respiratory | L5: Respiratory Ward
A6: 1005 | B6: Eve Davis | C6: 70 | D6: Female | E6: 45229 | F6: 45237 | G6: Hypertension | H6: Cardiac | I6: Yes | J6: =DATEDIF(E6, F6, "D") -> 8
A7: 1006 | B7: Frank Wilson | C7: 30 | D7: Male | E7: 45230 | F7: 45233 | G7: Influenza | H7: Medical A | I7: No | J7: =DATEDIF(E7, F7, "D") -> 3
A8: 1007 | B8: Grace Taylor | C8: 55 | D8: Female | E8: 45231 | F8: 45240 | G8: Diabetes | H8: Medical B | I8: Yes | J8: =DATEDIF(E8, F8, "D") -> 9
A9: 1008 | B9: Henry Moore | C9: 40 | D9: Male | E9: 45232 | F9: 45236 | G9: Gastroenteritis | H9: Medical A | I9: Yes | J9: =DATEDIF(E9, F9, "D") -> 4
A10: 1009 | B10: Ivy Jackson | C10: 68 | D10: Female | E10: 45233 | F10: 45242 | G10: Pneumonia | H10: Respiratory | I10: No | J10: =DATEDIF(E10, F10, "D") -> 9
A11: 1010 | B11: Jack Martin | C11: 25 | D11: Male | E11: 45234 | F11: 45239 | G11: Influenza | H11: Medical B | I11: Yes | J11: =DATEDIF(E11, F11, "D") -> 5
A12: 1011 | B12: Katie White | C12: 48 | D12: Female | E12: 45235 | F12: 45241 | G12: Hypertension | H12: Cardiac | I12: Yes | J12: =DATEDIF(E12, F12, "D") -> 6
A13: 1012 | B13: Larry Harris | C13: 32 | D13: Male | E13: 45236 | F13: 45238 | G13: Gastroenteritis | H13: Medical A | I13: No | J13: =DATEDIF(E13, F13, "D") -> 2
A14: 1013 | B14: Mia Clark | C14: 60 | D14: Female | E14: 45237 | F14: 45244 | G14: Diabetes | H14: Medical B | I14: Yes | J14: =DATEDIF(E14, F14, "D") -> 7
A15: 1014 | B15: Nathan Lewis | C15: 50 | D15: Male | E15: 45238 | F15: 45242 | G15: Pneumonia | H15: Respiratory | I15: Yes | J15: =DATEDIF(E15, F15, "D") -> 4
A16: 1015 | B16: Olivia Young | C16: 29 | D16: Female | E16: 45239 | F16: 45240 | G16: Influenza | H16: Medical A | I16: No | J16: =DATEDIF(E16, F16, "D") -> 1
A17: 1016 | B17: Peter Hall | C17: 75 | D17: Male | E17: 45240 | F17: 45245 | G17: Hypertension | H17: Cardiac | I17: Yes | J17: =DATEDIF(E17, F17, "D") -> 5
... A21: 1020 | B21: Tom Scott | C21: 33 | D21: Male | E21: 45244 | F21: 45248 | G21: Influenza | H21: Medical B | I21: Yes | J21: =DATEDIF(E21, F21, "D") -> 4

Sheet Conditional formatting
A1: Patient ID | B1: Name | C1: Age | D1: Gender | E1: Admission Date | F1: Discharge Date | G1: Diagnosis | H1: Ward | I1: Insurance | J1: Length of Stay
A2: 1001 | B2: Alice Smith | C2: 35 | D2: Female | E2: 45225 | F2: 45232 | G2: Influenza | H2: Medical A | I2: Yes | J2: =DATEDIF(E2, F2, "D") -> 7
A3: 1002 | B3: Bob Johnson | C3: 62 | D3: Male | E3: 45226 | F3: 45235 | G3: Hypertension | H3: Cardiac | I3: Yes | J3: =DATEDIF(E3, F3, "D") -> 9
A4: 1003 | B4: Carol Williams | C4: 28 | D4: Female | E4: 45227 | F4: 45231 | G4: Gastroenetis | H4: Medical B | I4: No | J4: =DATEDIF(E4, F4, "D") -> 4
A5: 1004 | B5: David Brown | C5: 45 | D5: Male | E5: 45228 | F5: 45238 | G5: Pneumonia | H5: Respiratory | I5: Yes | J5: =DATEDIF(E5, F5, "D") -> 10
A6: 1005 | B6: Eve Davis | C6: 70 | D6: Female | E6: 45229 | F6: 45237 | G6: Hypertension | H6: Cardiac | I6: Yes | J6: =DATEDIF(E6, F6, "D") -> 8
A7: 1006 | B7: Frank Wilson | C7: 30 | D7: Male | E7: 45230 | F7: 45233 | G7: Influenza | H7: Medical A | I7: No | J7: =DATEDIF(E7, F7, "D") -> 3
A8: 1007 | B8: Grace Taylor | C8: 55 | D8: Female | E8: 45231 | F8: 45240 | G8: Diabetes | H8: Medical B | I8: Yes | J8: =DATEDIF(E8, F8, "D") -> 9
A9: 1008 | B9: Henry Moore | C9: 40 | D9: Male | E9: 45232 | F9: 45236 | G9: Gastroenteritis | H9: Medical A | I9: Yes | J9: =DATEDIF(E9, F9, "D") -> 4
A10: 1009 | B10: Ivy Jackson | C10: 68 | D10: Female | E10: 45233 | F10: 45242 | G10: Pneumonia | H10: Respiratory | I10: No | J10: =DATEDIF(E10, F10, "D") -> 9
A11: 1010 | B11: Jack Martin | C11: 25 | D11: Male | E11: 45234 | F11: 45239 | G11: Influenza | H11: Medical B | I11: Yes | J11: =DATEDIF(E11, F11, "D") -> 5
A12: 1011 | B12: Katie White | C12: 48 | D12: Female | E12: 45235 | F12: 45241 | G12: Hypertension | H12: Cardiac | I12: Yes | J12: =DATEDIF(E12, F12, "D") -> 6
A13: 1012 | B13: Larry Harris | C13: 32 | D13: Male | E13: 45236 | F13: 45238 | G13: Gastroenteritis | H13: Medical A | I13: No | J13: =DATEDIF(E13, F13, "D") -> 2
... A21: 1020 | B21: Tom Scott | C21: 33 | D21: Male | E21: 45244 | F21: 45248 | G21: Influenza | H21: Medical B | I21: Yes | J21: =DATEDIF(E21, F21, "D") -> 4

Sheet Patient Respiratory
A1: Patient ID | B1: Name | C1: Age | D1: Gender | E1: Admission Date | F1: Discharge Date | G1: Diagnosis | H1: Ward | I1: Insurance | J1: Length of Stay
A2: 1001 | B2: Alice Smith | C2: 35 | D2: Female | E2: 45225 | F2: 45232 | G2: Influenza | H2: Medical A | I2: Yes | J2: =DATEDIF(E2, F2, "D") -> 7
A3: 1002 | B3: Bob Johnson | C3: 62 | D3: Male | E3: 45226 | F3: 45235 | G3: Hypertension | H3: Cardiac | I3: Yes | J3: =DATEDIF(E3, F3, "D") -> 9
A4: 1003 | B4: Carol Williams | C4: 28 | D4: Female | E4: 45227 | F4: 45231 | G4: Gastroenetis | H4: Medical B | I4: No | J4: =DATEDIF(E4, F4, "D") -> 4
A5: 1004 | B5: David Brown | C5: 45 | D5: Male | E5: 45228 | F5: 45238 | G5: Pneumonia | H5: Respiratory | I5: Yes | J5: =DATEDIF(E5, F5, "D") -> 10
A6: 1005 | B6: Eve Davis | C6: 70 | D6: Female | E6: 45229 | F6: 45237 | G6: Hypertension | H6: Cardiac | I6: Yes | J6: =DATEDIF(E6, F6, "D") -> 8
A7: 1006 | B7: Frank Wilson | C7: 30 | D7: Male | E7: 45230 | F7: 45233 | G7: Influenza | H7: Medical A | I7: No | J7: =DATEDIF(E7, F7, "D") -> 3
A8: 1007 | B8: Grace Taylor | C8: 55 | D8: Female | E8: 45231 | F8: 45240 | G8: Diabetes | H8: Medical B | I8: Yes | J8: =DATEDIF(E8, F8, "D") -> 9
A9: 1008 | B9: Henry Moore | C9: 40 | D9: Male | E9: 45232 | F9: 45236 | G9: Gastroenteritis | H9: Medical A | I9: Yes | J9: =DATEDIF(E9, F9, "D") -> 4
A10: 1009 | B10: Ivy Jackson | C10: 68 | D10: Female | E10: 45233 | F10: 45242 | G10: Pneumonia | H10: Respiratory | I10: No | J10: =DATEDIF(E10, F10, "D") -> 9
A11: 1010 | B11: Jack Martin | C11: 25 | D11: Male | E11: 45234 | F11: 45239 | G11: Influenza | H11: Medical B | I11: Yes | J11: =DATEDIF(E11, F11, "D") -> 5
A12: 1011 | B12: Katie White | C12: 48 | D12: Female | E12: 45235 | F12: 45241 | G12: Hypertension | H12: Cardiac | I12: Yes | J12: =DATEDIF(E12, F12, "D") -> 6
A13: 1012 | B13: Larry Harris | C13: 32 | D13: Male | E13: 45236 | F13: 45238 | G13: Gastroenteritis | H13: Medical A | I13: No | J13: =DATEDIF(E13, F13, "D") -> 2
... A21: 1020 | B21: Tom Scott | C21: 33 | D21: Male | E21: 45244 | F21: 45248 | G21: Influenza | H21: Medical B | I21: Yes | J21: =DATEDIF(E21, F21, "D") -> 4

Sheet Pivot Table
